{"-1": [0.0, 0.0, 0.0], "0": [0.0, 0.0, 0.0], "1": [0.06045172075548699, 0.3209853133224859, 0.5833955272653173], "2": [0.6570710407974464, 0.5825242217696964, 0.5042049519167237], "3": [0.49791002343808666, 0.5093410919929883, 0.5510613106908755], "4": [0.3451567698257094, 0.5823011626597159, 0.4971475460442977], "5": [0.996509283896073, 0.21928685600939735, 0.5000229420347782], "6": [0.8930080210756739, 0.7251370019329537, 0.36608214383557613], "7": [0.8283924077072625, 0.5106564007722847, 0.25387013280849513], "8": [0.6344988030986465, 0.9031811403774243, 0.41522852228710405], "9": [0.7405850079376404, 0.32684915595092257, 0.13800490846536417], "10": [0.1298588601626669, 0.7175140560244347, 0.4348820241322724], "11": [0.544192896500845, 0.4615952726282211, 0.06903002748512777], "12": [0.22491978261048484, 0.38057382063948264, 0.5209580542055001], "13": [0.21388473478920644, 0.2960628338592448, 0.41432436545023366], "14": [0.021464454261373, 0.36383571059372866, 0.9855026235171076], "15": [0.8551868797140274, 0.6973322848005865, 0.9514818443712808], "16": [0.7981494897578628, 0.013071821716233112, 0.9926383310813931], "17": [0.758024223035973, 0.41669297527047555, 0.13758242972743517], "18": [0.060287050145664156, 0.3460426683834009, 0.49410286612671983], "19": [0.25253134604674665, 0.23818094474082596, 0.2621818261664405], "20": [0.6155965257307408, 0.8036482768791811, 0.6569102603902919], "21": [0.41257190979757885, 0.09000084475858616, 0.31241039880983845], "22": [0.12299841337252237, 0.8866167197082269, 0.9895541155420119], "23": [0.19788771408906314, 0.5091023518718225, 0.3768443803794036], "24": [0.1746718561038877, 0.564888444865693, 0.5341159461564883], "25": [0.8829317875348685, 0.0766229311950708, 0.6465457599991514], "26": [0.4696063040588204, 0.6728419805482194, 0.625216906797887], "27": [0.7377781777665384, 0.5123724986362145, 0.7932481973019329], "28": [0.14907492343478812, 0.602627720454397, 0.03312300381832767], "29": [0.5409136297653245, 0.9009822130394753, 0.6033045390133798], "30": [0.8877007745780247, 0.2083793352087424, 0.6193128482258495], "31": [0.17181350249728955, 0.14141160306396172, 0.8731468820175039], "32": [0.6589241256747517, 0.5210418276681558, 0.2799636089088233], "33": [0.2979027485204564, 0.9530040920629042, 0.18305912200221253], "34": [0.25762140313472315, 0.28860891500559105, 0.38119670308986386], "35": [0.13547815253246887, 0.3054461892237238, 0.8230247399913113], "36": [0.08540831457325704, 0.3253443767826053, 0.18353294892702876], "37": [0.04183245583083273, 0.8542423080912216, 0.36969418273689614], "38": [0.3109808235762048, 0.5286329213847112, 0.9019673121186856], "39": [0.1105173379575739, 0.15592046939112236, 0.9611833135954992], "40": [0.6684472501756293, 0.3901001148271821, 0.5377736613128761], "41": [0.45376507851984804, 0.27504013484236955, 0.47610338904474936], "42": [0.23784664161048708, 0.7864079301611965, 0.04379740561116452], "43": [0.7385633015052998, 0.571232897650064, 0.16480119278230387], "44": [0.01041724512926645, 0.7778157933766437, 0.5058262384533384], "45": [0.10262026842164906, 0.17748614436465726, 0.015440879770137528], "46": [0.9597430755440024, 0.5259515140779084, 0.24220739961467508], "47": [0.07077986686552118, 0.6139702692980266, 0.6713877310553114], "48": [0.33960243256402833, 0.2146731206158643, 0.3019646339181429], "49": [0.8143531288535919, 0.620589905209085, 0.995537238592402], "50": [0.4000640248898536, 0.71560961769002, 0.39180116405955645], "51": [0.038538680082611854, 0.45956593743349483, 0.08715221344074353], "52": [0.8595119540767063, 0.7613686097190582, 0.05591891350004552], "53": [0.7289364205521982, 0.6492060751813787, 0.23234396724696305], "54": [0.46296695247591346, 0.4643302346246869, 0.7925829478522567], "55": [0.1602394455372801, 0.6314444373994846, 0.8777605242997292], "56": [0.04373210025709107, 0.08662214657507539, 0.12987726710119385], "57": [0.24030293449122164, 0.1447565129790347, 0.7260884800529277], "58": [0.3999801216578207, 0.5213336924860517, 0.3812800358125178], "59": [0.7553239446430297, 0.6121959086210832, 0.8657381439956018], "60": [0.0926650388326904, 0.8508103533810429, 0.567443304356573], "61": [0.5996980106311326, 0.8669082149594362, 0.10814047970321405], "62": [0.3140841774330796, 0.8629568855275536, 0.7280588140150969], "63": [0.31736103280325223, 0.8043510558217192, 0.9628416142856385], "64": [0.21702459031503252, 0.8907185992232987, 0.4359661446766624], "65": [0.2202441889296406, 0.6261966649106113, 0.1955561852286729], "66": [0.6840841553113209, 0.5105521959533446, 0.7196274048464779], "67": [0.2852402093136769, 0.8822462319204981, 0.6929753038097557], "68": [0.5901466285826766, 0.614293502224631, 0.6988654410481434], "69": [0.35202192631330775, 0.7780763273575894, 0.5533259812582539], "70": [0.99473779840292, 0.41598213279307195, 0.1572831366085341], "71": [0.7220079404828792, 0.6438439420101831, 0.5129341647401989], "72": [0.8323324255578076, 0.845774176009028, 0.7218023200180251], "73": [0.010197907860556299, 0.8765513742476814, 0.17243099895261615], "74": [0.46665227301546675, 0.10312281348476071, 0.28095252231224965], "75": [0.6420238577343277, 0.08228703578466456, 0.8385524371326635], "76": [0.707144974300423, 0.48727263394286735, 0.9054230513244351], "77": [0.11118674339900048, 0.8161501217016224, 0.5253266786238525], "78": [0.9668279693043649, 0.4400256741819316, 0.8511218792087553], "79": [0.23757938995008843, 0.0006448263694633916, 0.29960521719569033], "80": [0.08894210132966551, 0.44388376781901984, 0.3557171734708574], "81": [0.9851311550121722, 0.5844938127486274, 0.8885208802487855], "82": [0.3791931507538576, 0.800286268737004, 0.260499595923641], "83": [0.8254314759454467, 0.01049294248317667, 0.6404972066571272], "84": [0.012961939823381452, 0.09476992334668866, 0.4664342951674153], "85": [0.2108965319932281, 0.8306458079372792, 0.4529889015835208], "86": [0.07293782439912688, 0.6717317520190643, 0.17333504392554167], "87": [0.16873762023621264, 0.3520399894400449, 0.34507554567550236], "88": [0.8439382680915414, 0.8716691789816127, 0.5051644455105035], "89": [0.5060974736711286, 0.981722056802886, 0.5439402823696114], "90": [0.4795767278938694, 0.19204382784965146, 0.638515479465534], "91": [0.2467610479905682, 0.12754966866029915, 0.0005799400692146905], "92": [0.8751089020768676, 0.6438459969680427, 0.03868564248098327], "93": [0.5368920186811215, 0.9814435620479857, 0.921168210981333], "94": [0.8376222701964497, 0.9610895498033882, 0.9760759187106902], "95": [0.3773322358543827, 0.16320275751117053, 0.6156719211626206], "96": [0.5498168782634001, 0.8700885196855533, 0.4416631695933124], "97": [0.6554271853331917, 0.8181793210250011, 0.059418557513270076], "98": [0.19864675761604877, 0.5247180242279944, 0.19205819470370156], "99": [0.047317544202622686, 0.308282010495336, 0.20248014320009255], "100": [0.7152473396013764, 0.7511981726357134, 0.9220127411105297], "101": [0.06727771495712442, 0.9749473569450716, 0.08292282755836944]}